epoch,steps,kl_divergence
-1,-1,0.07069863379001617
-1,-1,0.091236412525177
